{
    "depth": 6,
    "mean_loss": 0.2486088215277517,
    "mean_acc": 0.9100000000000001
}