{
    "depth": 5,
    "mean_loss": 0.22750498141169903,
    "mean_acc": 0.9466666666666667
}