{
    "depth": 7,
    "mean_loss": 0.20547909670082518,
    "mean_acc": 0.9333333333333333
}