{
    "depth": 1,
    "mean_loss": 0.25602782448695305,
    "mean_acc": 0.9166666666666667
}