{
    "depth": 2,
    "mean_loss": 0.30750420650158405,
    "mean_acc": 0.8866666666666667
}