{
    "depth": 9,
    "mean_loss": 0.1380323200291022,
    "mean_acc": 0.9566666666666667
}