{
    "run_id": 5,
    "depth": 6,
    "mean_loss": 0.4480048547328021,
    "mean_val_before": 0.55,
    "mean_test_before": 0.5325,
    "mean_val_after": 0.55,
    "mean_test_after": 0.5075000000000001
}