{
    "run_id": 2,
    "depth": 3,
    "mean_loss": 0.3483610207545736,
    "mean_acc": 0.8533333333333333
}