{
    "run_id": 2,
    "depth": 3,
    "mean_loss": 0.4565638113911724,
    "mean_val_before": 0.565625,
    "mean_test_before": 0.5525,
    "mean_val_after": 0.56875,
    "mean_test_after": 0.525
}