{
    "run_id": 2,
    "depth": 5,
    "mean_loss": 0.3277074330222485,
    "mean_acc": 0.8433333333333334
}