{
    "run_id": 3,
    "depth": 1,
    "mean_loss": 0.4934651446146526,
    "mean_acc": 0.6766666666666666
}