{
    "run_id": 1,
    "depth": 1,
    "mean_loss": 0.375055518096912,
    "mean_acc": 0.8466666666666667
}