{
    "run_id": 5,
    "depth": 2,
    "mean_loss": 0.4999798152554652,
    "mean_val_before": 0.55625,
    "mean_test_before": 0.5625,
    "mean_val_after": 0.546875,
    "mean_test_after": 0.5625
}