{
    "run_id": 5,
    "depth": 6,
    "mean_loss": 0.28167326090177813,
    "mean_acc": 0.8733333333333333
}