{
    "run_id": 5,
    "depth": 5,
    "mean_loss": 0.29806095036995295,
    "mean_acc": 0.8133333333333332
}