{
    "run_id": 2,
    "depth": 6,
    "mean_loss": 0.321382436781248,
    "mean_acc": 0.8366666666666667
}