{
    "run_id": 1,
    "depth": 8,
    "mean_loss": 0.2737742001869486,
    "mean_acc": 0.8533333333333333
}