{
    "run_id": 3,
    "depth": 2,
    "mean_loss": 0.4349760376038928,
    "mean_acc": 0.8466666666666667
}