{
    "run_id": 3,
    "depth": 4,
    "mean_loss": 0.44916876850625514,
    "mean_val_before": 0.56875,
    "mean_test_before": 0.5775,
    "mean_val_after": 0.559375,
    "mean_test_after": 0.5
}