{
    "run_id": 1,
    "depth": 3,
    "mean_loss": 0.32961498172043363,
    "mean_acc": 0.8100000000000002
}