{
    "run_id": 3,
    "depth": 3,
    "mean_loss": 0.33932124292568405,
    "mean_acc": 0.8333333333333333
}