{
    "run_id": 4,
    "depth": 8,
    "mean_loss": 0.26931230088828173,
    "mean_acc": 0.8866666666666667
}