{
    "run_id": 2,
    "depth": 7,
    "mean_loss": 0.26952185657311606,
    "mean_acc": 0.8166666666666667
}