{
    "run_id": 4,
    "depth": 7,
    "mean_loss": 0.43882753416870257,
    "mean_val_before": 0.55,
    "mean_test_before": 0.5375,
    "mean_val_after": 0.5875,
    "mean_test_after": 0.5449999999999999
}