{
    "run_id": 5,
    "depth": 7,
    "mean_loss": 0.4424465389884896,
    "mean_val_before": 0.55,
    "mean_test_before": 0.5349999999999999,
    "mean_val_after": 0.584375,
    "mean_test_after": 0.4875
}