{
    "run_id": 1,
    "depth": 1,
    "mean_loss": 0.4714810661185007,
    "mean_val_before": 0.584375,
    "mean_test_before": 0.5375,
    "mean_val_after": 0.578125,
    "mean_test_after": 0.5275
}