{
    "run_id": 1,
    "depth": 4,
    "mean_loss": 0.355345204297569,
    "mean_acc": 0.8300000000000001
}