{
    "run_id": 3,
    "depth": 5,
    "mean_loss": 0.4317324493926099,
    "mean_val_before": 0.540625,
    "mean_test_before": 0.505,
    "mean_val_after": 0.56875,
    "mean_test_after": 0.53
}