{
    "run_id": 5,
    "depth": 1,
    "mean_loss": 0.3741336207377265,
    "mean_acc": 0.8433333333333334
}