{
    "run_id": 1,
    "depth": 5,
    "mean_loss": 0.30099626352381836,
    "mean_acc": 0.8466666666666667
}