{
    "run_id": 3,
    "depth": 6,
    "mean_loss": 0.4384077605618984,
    "mean_val_before": 0.559375,
    "mean_test_before": 0.48,
    "mean_val_after": 0.565625,
    "mean_test_after": 0.5125
}