{
    "run_id": 1,
    "depth": 7,
    "mean_loss": 0.4232094388760517,
    "mean_val_before": 0.559375,
    "mean_test_before": 0.5475,
    "mean_val_after": 0.590625,
    "mean_test_after": 0.5275000000000001
}