{
    "run_id": 5,
    "depth": 3,
    "mean_loss": 0.34488547452909796,
    "mean_acc": 0.8233333333333333
}