{
    "run_id": 5,
    "depth": 2,
    "mean_loss": 0.32485438533456734,
    "mean_acc": 0.8699999999999999
}