{
    "run_id": 4,
    "depth": 6,
    "mean_loss": 0.29761518112025026,
    "mean_acc": 0.8266666666666668
}