{
    "run_id": 2,
    "depth": 4,
    "mean_loss": 0.32496510386128097,
    "mean_acc": 0.7866666666666667
}