{
    "run_id": 5,
    "depth": 1,
    "mean_loss": 0.4836689603687466,
    "mean_val_before": 0.553125,
    "mean_test_before": 0.5475,
    "mean_val_after": 0.553125,
    "mean_test_after": 0.5175
}