{
    "run_id": 1,
    "depth": 2,
    "mean_loss": 0.413650755704127,
    "mean_acc": 0.8666666666666668
}