{
    "run_id": 2,
    "depth": 2,
    "mean_loss": 0.4059124859871508,
    "mean_acc": 0.8733333333333333
}