{
    "run_id": 4,
    "depth": 7,
    "mean_loss": 0.2860450775601763,
    "mean_acc": 0.8333333333333333
}