{
    "run_id": 4,
    "depth": 4,
    "mean_loss": 0.4459374046204463,
    "mean_val_before": 0.575,
    "mean_test_before": 0.47000000000000003,
    "mean_val_after": 0.55,
    "mean_test_after": 0.475
}