{
    "run_id": 4,
    "depth": 2,
    "mean_loss": 0.4228839079462013,
    "mean_acc": 0.8733333333333333
}