{
    "run_id": 1,
    "depth": 7,
    "mean_loss": 0.2739357120216637,
    "mean_acc": 0.8666666666666668
}