{
    "run_id": 2,
    "depth": 6,
    "mean_loss": 0.44039267760477346,
    "mean_val_before": 0.55625,
    "mean_test_before": 0.525,
    "mean_val_after": 0.565625,
    "mean_test_after": 0.5175
}