{
    "run_id": 4,
    "depth": 3,
    "mean_loss": 0.3418522748509572,
    "mean_acc": 0.8766666666666667
}