{
    "run_id": 4,
    "depth": 5,
    "mean_loss": 0.298662728805162,
    "mean_acc": 0.8300000000000001
}