{
    "run_id": 1,
    "depth": 2,
    "mean_loss": 0.4848308624395619,
    "mean_val_before": 0.559375,
    "mean_test_before": 0.54,
    "mean_val_after": 0.590625,
    "mean_test_after": 0.57
}