{
    "run_id": 3,
    "depth": 2,
    "mean_loss": 0.47773215375797146,
    "mean_val_before": 0.571875,
    "mean_test_before": 0.5725,
    "mean_val_after": 0.553125,
    "mean_test_after": 0.5125
}