{
    "run_id": 3,
    "depth": 3,
    "mean_loss": 0.43524833351939607,
    "mean_val_before": 0.578125,
    "mean_test_before": 0.5349999999999999,
    "mean_val_after": 0.59375,
    "mean_test_after": 0.515
}