{
    "run_id": 2,
    "depth": 8,
    "mean_loss": 0.4227672015112189,
    "mean_val_before": 0.559375,
    "mean_test_before": 0.49749999999999994,
    "mean_val_after": 0.590625,
    "mean_test_after": 0.5025000000000001
}