{
    "run_id": 2,
    "depth": 8,
    "mean_loss": 0.2707330786816424,
    "mean_acc": 0.8266666666666665
}