{
    "run_id": 4,
    "depth": 4,
    "mean_loss": 0.33083840026402545,
    "mean_acc": 0.8666666666666666
}