{
    "run_id": 1,
    "depth": 8,
    "mean_loss": 0.43174255934189354,
    "mean_val_before": 0.5125,
    "mean_test_before": 0.52,
    "mean_val_after": 0.546875,
    "mean_test_after": 0.5250000000000001
}