{
    "run_id": 4,
    "depth": 3,
    "mean_loss": 0.47024921287357485,
    "mean_val_before": 0.53125,
    "mean_test_before": 0.5075,
    "mean_val_after": 0.55625,
    "mean_test_after": 0.4999999999999999
}