{
    "run_id": 2,
    "depth": 1,
    "mean_loss": 0.3747177631246251,
    "mean_acc": 0.8466666666666667
}