{
    "run_id": 5,
    "depth": 4,
    "mean_loss": 0.29870987540126626,
    "mean_acc": 0.8433333333333334
}