{
    "run_id": 3,
    "depth": 6,
    "mean_loss": 0.29782481184735354,
    "mean_acc": 0.8400000000000001
}