{
    "run_id": 4,
    "depth": 1,
    "mean_loss": 0.4920441492810159,
    "mean_val_before": 0.528125,
    "mean_test_before": 0.5199999999999999,
    "mean_val_after": 0.528125,
    "mean_test_after": 0.5025
}